score,listing_id,title,state,industry,asking_price,cash_flow_sde,gross_revenue,employees,location,flags,url
40,2476513,Turnkey Aircraft Detailing Business – Recurring Contracts,texas,cleaning,,,,,"Lubbock, TX",no-asking-price|no-sde|no-revenue,https://www.bizbuysell.com/business-opportunity/turnkey-aircraft-detailing-business-recurring-contracts/2476513/
40,2462401,Established Central Texas Painting Contractor | Trained Crews,texas,building-and-construction,,365788,,,,no-asking-price|no-revenue,https://www.bizbuysell.com/business-opportunity/established-central-texas-painting-contractor-trained-crews/2462401/
35,2400908,Great Corpus Christi turnkey pool route,texas,service,,103549,,,"Corpus Christi, TX",no-asking-price|no-revenue,https://www.bizbuysell.com/business-opportunity/great-corpus-christi-turnkey-pool-route/2400908/
33,2481861,High-Demand Heating Cooling Repair Technicians,oklahoma,hvac,,425506,,,"Tulsa, OK",no-asking-price|no-revenue,https://www.bizbuysell.com/business-opportunity/high-demand-heating-cooling-repair-technicians/2481861/
33,2469359,Rapidly Growing HVAC Company in North Texas | Turnkey Operations,texas,hvac,,590000,,,"Arlington, TX",no-asking-price|no-revenue,https://www.bizbuysell.com/business-opportunity/rapidly-growing-hvac-company-in-north-texas-turnkey-operations/2469359/
33,2477118,Profitable HVAC Business with Strong Brand | Semi-Absentee Owner,texas,hvac,,245519,,,"Tarrant County, TX",no-asking-price|no-revenue,https://www.bizbuysell.com/business-opportunity/profitable-hvac-business-with-strong-brand-semi-absentee-owner/2477118/
33,2484468,Profitable Pest Control Business: Turnkey & Recession Proof,texas,pest-control,,254562,,,"Tarrant County, TX",no-asking-price|no-revenue,https://www.bizbuysell.com/business-opportunity/profitable-pest-control-business-turnkey-and-recession-proof/2484468/
33,2452631,Stable Route-Based Business with Long-Term Clients,texas,pest-control,,97616,,,"Fort Worth, TX",no-asking-price|no-revenue,https://www.bizbuysell.com/business-opportunity/stable-route-based-business-with-long-term-clients/2452631/
33,2289440,High Vol & Absentee Dry Cleaners /w Property in Dallas Uptown,texas,cleaning,,294948,,,"Dallas, TX",no-asking-price|no-revenue,https://www.bizbuysell.com/business-opportunity/high-vol-and-absentee-dry-cleaners-w-property-in-dallas-uptown/2289440/
33,2467864,Profitable Pressure Washing Business: Turnkey,texas,cleaning,,370611,,,"Fort Worth, TX",no-asking-price|no-revenue,https://www.bizbuysell.com/business-opportunity/profitable-pressure-washing-business-turnkey/2467864/
33,2369806,Swimming Pool Cleaning and Repair Route,texas,cleaning,,,,,"Fort Worth, TX",no-asking-price|no-sde|no-revenue,https://www.bizbuysell.com/business-opportunity/swimming-pool-cleaning-and-repair-route/2369806/
30,2435559,"Profitable Print,Sign & Marketing Center/Owner Operator Franchise",oklahoma,service,,,,,"Durant, OK",no-asking-price|no-sde|no-revenue,https://www.bizbuysell.com/business-opportunity/profitable-print-sign-and-marketing-center-owner-operator-franchise/2435559/
30,2418469,Established Organic Lawn Care & Pest Control – Recurring Revenue,texas,pest-control,,,,,"Houston, TX",no-asking-price|no-sde|no-revenue,https://www.bizbuysell.com/business-opportunity/established-organic-lawn-care-and-pest-control-recurring-revenue/2418469/
30,2494705,Profitable residential cleaning company with recurring revenue,texas,cleaning,,,,,"Southlake, TX",no-asking-price|no-sde|no-revenue,https://www.bizbuysell.com/business-opportunity/profitable-residential-cleaning-company-with-recurring-revenue/2494705/
30,2485180,Recurring Property Maintenance Business,texas,cleaning,,155898,,,"Houston, TX",no-asking-price|no-revenue,https://www.bizbuysell.com/business-opportunity/recurring-property-maintenance-business/2485180/
30,2481481,Enviro-Master Franchise Ft Worth– Recurring B2B Service Business,texas,cleaning,,,,,"Arlington, TX",no-asking-price|no-sde|no-revenue,https://www.bizbuysell.com/business-opportunity/enviro-master-franchise-ft-worth-recurring-b2b-service-business/2481481/
30,2407223,29-Yr Old Comm Cleaning/Multi-Yr Gov Contracts/16M GROSS/3.8 EBITDA!!!,texas,cleaning,,3800000,,,"Fort Worth, TX",no-asking-price|no-revenue,https://www.bizbuysell.com/business-opportunity/29-yr-old-comm-cleaning-multi-yr-gov-contracts-16m-gross-3-8-ebitda/2407223/
25,2391789,Top Roofing Company-General Contractor,oklahoma,service,,244262,,,,no-asking-price|no-revenue,https://www.bizbuysell.com/business-opportunity/top-roofing-company-general-contractor/2391789/
25,2471053,"Campbell’s Snacks Route, Bartlesville, OK",oklahoma,service,,74082,,," Bartlesville, OK",no-asking-price|no-revenue,https://www.bizbuysell.com/business-opportunity/campbells-snacks-route-bartlesville-ok/2471053/
25,2469127,Established Tulsa Metro Cleaning Business | High Recurring Revenue,oklahoma,service,,75000,,,"Tulsa, OK",no-asking-price|no-revenue,https://www.bizbuysell.com/business-opportunity/established-tulsa-metro-cleaning-business-high-recurring-revenue/2469127/
25,2462331,30 FedEx P & D Routes for Sale in Tulsa Oklahoma Area,oklahoma,service,,830243,,,"Tulsa County, OK",no-asking-price|no-revenue,https://www.bizbuysell.com/business-opportunity/30-fedex-p-and-d-routes-for-sale-in-tulsa-oklahoma-area/2462331/
25,2455544,"Flowers Bread Route, Stillwater, OK",oklahoma,service,,73684,,," Stillwater, OK",no-asking-price|no-revenue,https://www.bizbuysell.com/business-opportunity/flowers-bread-route-stillwater-ok/2455544/
25,2455537,"Flowers Bread Route, Stillwater, OK",oklahoma,service,,68952,,," Stillwater, OK",no-asking-price|no-revenue,https://www.bizbuysell.com/business-opportunity/flowers-bread-route-stillwater-ok/2455537/
25,2443990,"Mission Foods Route For Sale-Tulsa OK-$110,000",oklahoma,service,,98221,,,"Jenks, OK",no-asking-price|no-revenue,https://www.bizbuysell.com/business-opportunity/mission-foods-route-for-sale-tulsa-ok-110-000/2443990/
25,2375915,1 Bread Route - Northeastern Oklahoma,oklahoma,service,,,,,,no-asking-price|no-sde|no-revenue,https://www.bizbuysell.com/business-opportunity/1-bread-route-northeastern-oklahoma/2375915/
25,2495004,Great DFW area pool route,texas,service,,101418,,,"Dallas, TX",no-asking-price|no-revenue,https://www.bizbuysell.com/business-opportunity/great-dfw-area-pool-route/2495004/
25,2494574,Great Houston area pool route,texas,service,,72162,,,"Houston, TX",no-asking-price|no-revenue,https://www.bizbuysell.com/business-opportunity/great-houston-area-pool-route/2494574/
25,2494564,Great Dallas area pool route,texas,service,,70942,,,"Dallas, TX",no-asking-price|no-revenue,https://www.bizbuysell.com/business-opportunity/great-dallas-area-pool-route/2494564/
25,2484522,Established Pool Service Route – Flower Mound with 46 Accounts,texas,service,,,,,"Flower Mound, TX",no-asking-price|no-sde|no-revenue,https://www.bizbuysell.com/business-opportunity/established-pool-service-route-flower-mound-with-46-accounts/2484522/
25,2460728,Very Successful Pipeline/Facility Infrastructure Contractor Company,texas,building-and-construction,,,,,"Waxahachie, TX",no-asking-price|no-sde|no-revenue,https://www.bizbuysell.com/business-opportunity/very-successful-pipeline-facility-infrastructure-contractor-company/2460728/
25,2393249,U.S. Concrete Tech Platform + Global Rights,texas,building-and-construction,,3100000,,,"Dallas, TX",no-asking-price|no-revenue,https://www.bizbuysell.com/business-opportunity/u-s-concrete-tech-platform-global-rights/2393249/
25,2483476,Trusted Electrical Contractor Offering All Services,texas,building-and-construction,,151295,,,"Fort Bend County, TX",no-asking-price|no-revenue,https://www.bizbuysell.com/business-opportunity/trusted-electrical-contractor-offering-all-services/2483476/
25,2383105,38+ year General Contracting and Remodeling Business,texas,building-and-construction,,655000,,,"Arlington, TX",no-asking-price|no-revenue,https://www.bizbuysell.com/business-opportunity/38-year-general-contracting-and-remodeling-business/2383105/
25,2488772,45-Year Two-Way Radio Sales & Service Business w/ Recurring Revenue,arkansas,service,,200000,,,"Sebastian County, AR",no-asking-price|no-revenue,https://www.bizbuysell.com/business-opportunity/45-year-two-way-radio-sales-and-service-business-w-recurring-revenue/2488772/
25,2489667,Commercial Cleaning | 8-10 Hrs/Week | $156K Contracted Annual Revenue,arkansas,service,,52000,,,"Washington County, AR",no-asking-price|no-revenue,https://www.bizbuysell.com/business-opportunity/commercial-cleaning-8-10-hrs-week-156k-contracted-annual-revenue/2489667/
25,2472918,1 Bread Route - Central Arkansas,arkansas,service,,,,,,no-asking-price|no-sde|no-revenue,https://www.bizbuysell.com/business-opportunity/1-bread-route-central-arkansas/2472918/
25,2464865,19 FedEx P&D Routes - Northwestern Arkansas,arkansas,service,,431102,,,,no-asking-price|no-revenue,https://www.bizbuysell.com/business-opportunity/19-fedex-pandd-routes-northwestern-arkansas/2464865/
25,2452318,"Flowers Bread Route, Springdale, AR",arkansas,service,,150332,,," Springdale, AR",no-asking-price|no-revenue,https://www.bizbuysell.com/business-opportunity/flowers-bread-route-springdale-ar/2452318/
25,2450444,"Flowers Foods Route For Sale-Springdale AR-$115,000",arkansas,service,,132080,,,"Springdale, AR",no-asking-price|no-revenue,https://www.bizbuysell.com/business-opportunity/flowers-foods-route-for-sale-springdale-ar-115-000/2450444/
25,2284361,"Flowers Bread Route, Lake Village, AR",arkansas,service,,51636,,," Lake Village, AR",no-asking-price|no-revenue,https://www.bizbuysell.com/business-opportunity/flowers-bread-route-lake-village-ar/2284361/
23,2431469,Sold HVAC company in a fast growing community,oklahoma,hvac,,157154,,,"Mccurtain County, OK",no-asking-price|no-revenue,https://www.bizbuysell.com/business-opportunity/sold-hvac-company-in-a-fast-growing-community/2431469/
23,2345652,Refrigeration Sales and Service Company,oklahoma,hvac,,415564,,,"Tulsa, OK",no-asking-price|no-revenue,https://www.bizbuysell.com/business-opportunity/refrigeration-sales-and-service-company/2345652/
23,2484080,Established HVAC Biz | Strong Commercial Base | Growth Ready,texas,hvac,,174000,,,"Dallas, TX",no-asking-price|no-revenue,https://www.bizbuysell.com/business-opportunity/established-hvac-biz-strong-commercial-base-growth-ready/2484080/
23,2479342,Established HVAC and Electrical Service Company Serving the Texas Hill,texas,hvac,,320000,,,"Llano, TX",no-asking-price|no-revenue,https://www.bizbuysell.com/business-opportunity/established-hvac-and-electrical-service-company-serving-the-texas-hill/2479342/
23,2484901,HVAC/R Residential & Commercial Company,texas,hvac,,754102,,,,no-asking-price|no-revenue,https://www.bizbuysell.com/business-opportunity/hvac-r-residential-and-commercial-company/2484901/
23,2477729,HVAC & Electrical Business – 30 Years Strong,texas,hvac,,257819,,,"Collin County, TX",no-asking-price|no-revenue,https://www.bizbuysell.com/business-opportunity/hvac-and-electrical-business-30-years-strong/2477729/
23,2415329,HVAC Franchise with Solid Commercial Base and Ripe Residential Market,texas,hvac,,,,,"Valley View, TX",no-asking-price|no-sde|no-revenue,https://www.bizbuysell.com/business-opportunity/hvac-franchise-with-solid-commercial-base-and-ripe-residential-market/2415329/
23,1927202,Profitable Dryer Vent Cleaning Business – Established & Scalable,texas,hvac,,52000,,,"San Antonio, TX",no-asking-price|no-revenue,https://www.bizbuysell.com/business-opportunity/profitable-dryer-vent-cleaning-business-established-and-scalable/1927202/
23,2403916,Well-Established HVAC Firm Seeking Buyer,texas,hvac,,384568,,,"Kaufman County, TX",no-asking-price|no-revenue,https://www.bizbuysell.com/business-opportunity/well-established-hvac-firm-seeking-buyer/2403916/
23,2465878,Restoration Business Opportunity with Year-Round Demand,texas,hvac,,,,,"Tarrant County, TX",no-asking-price|no-sde|no-revenue,https://www.bizbuysell.com/business-opportunity/restoration-business-opportunity-with-year-round-demand/2465878/
23,2465418,"Insurance-Driven Restoration Opportunity in Amarillo, TX",texas,hvac,,,,,"Insurance-Driven Restoration Opportunity in Amarillo, TX",no-asking-price|no-sde|no-revenue,https://www.bizbuysell.com/business-opportunity/insurance-driven-restoration-opportunity-in-amarillo-tx/2465418/
23,2446493,Diversify Revenue Streams – Existing Scalable Restoration Business,texas,hvac,,,,,"Travis County, TX",no-asking-price|no-sde|no-revenue,https://www.bizbuysell.com/business-opportunity/diversify-revenue-streams-existing-scalable-restoration-business/2446493/
23,2444057,"HVAC business for sale, with real estate $12.3M, just reduced $1.9M!",texas,hvac,,,,,"Houston, TX",no-asking-price|no-sde|no-revenue,https://www.bizbuysell.com/business-opportunity/hvac-business-for-sale-with-real-estate-12-3m-just-reduced-1-9m/2444057/
23,2492854,Established Profitable Commercial Window Cleaning Franchise,texas,cleaning,,149999,,,"Beaumont, TX",no-asking-price|no-revenue,https://www.bizbuysell.com/business-opportunity/established-profitable-commercial-window-cleaning-franchise/2492854/
23,2413376,Exterior Cleaning Company-Well Known Existing Franchise,texas,cleaning,,,,,"San Antonio, TX",no-asking-price|no-sde|no-revenue,https://www.bizbuysell.com/business-opportunity/exterior-cleaning-company-well-known-existing-franchise/2413376/
23,2383002,Chimney Sweeps/Dryer Vents/Air Ducts,texas,cleaning,,,,,"Taylor, TX",no-asking-price|no-sde|no-revenue,https://www.bizbuysell.com/business-opportunity/chimney-sweeps-dryer-vents-air-ducts/2383002/
23,2491911,Industrial Pressure Washing Company for Sale,texas,cleaning,,130000,,,"Harris County, TX",no-asking-price|no-revenue,https://www.bizbuysell.com/business-opportunity/industrial-pressure-washing-company-for-sale/2491911/
23,2455657,$100k Seller Financing l Cleaning Business | $172K Net,texas,cleaning,,174724,,,"Travis County, TX",no-asking-price|no-revenue,https://www.bizbuysell.com/business-opportunity/100k-seller-financing-l-cleaning-business-172k-net/2455657/
23,2474817,Fully Operational Carpet Cleaning Franchise,texas,cleaning,,,,,"Corpus Christi, TX",no-asking-price|no-sde|no-revenue,https://www.bizbuysell.com/business-opportunity/fully-operational-carpet-cleaning-franchise/2474817/
23,2458861,"Midland, TX - Established Carpet Cleaning Business with Client Base",texas,cleaning,,,,,"Midland, TX",no-asking-price|no-sde|no-revenue,https://www.bizbuysell.com/business-opportunity/midland-tx-established-carpet-cleaning-business-with-client-base/2458861/
23,2482248,Property Cleaning & Maintenance Business,texas,cleaning,,316948,,,"Houston, TX",no-asking-price|no-revenue,https://www.bizbuysell.com/business-opportunity/property-cleaning-and-maintenance-business/2482248/
23,2431071,Disaster Restoration Service Company with State-of-the-Art Facilities,texas,cleaning,,274989,,,"San Antonio, TX",no-asking-price|no-revenue,https://www.bizbuysell.com/business-opportunity/disaster-restoration-service-company-with-state-of-the-art-facilities/2431071/
23,2423238,DFW Area 3-Unit Pink's Window Cleaning - Priced Way Less Than New!,texas,cleaning,,,,,"Southlake, TX",no-asking-price|no-sde|no-revenue,https://www.bizbuysell.com/business-opportunity/dfw-area-3-unit-pinks-window-cleaning-priced-way-less-than-new/2423238/
23,2461063,Profitable Residential & Commercial Cleaning Business - 45% YOY Growth,texas,cleaning,,,,,"Tyler, TX",no-asking-price|no-sde|no-revenue,https://www.bizbuysell.com/business-opportunity/profitable-residential-and-commercial-cleaning-business-45-yoy-growth/2461063/
23,2330852,Carpet Cleaning,texas,cleaning,,,,,"Humble, TX",no-asking-price|no-sde|no-revenue,https://www.bizbuysell.com/business-opportunity/carpet-cleaning/2330852/
23,2442973,Premier Oriental Rug Cleaning & Artisan Restoration Shop,texas,cleaning,,64200,,,"Dallas County, TX",no-asking-price|no-revenue,https://www.bizbuysell.com/business-opportunity/premier-oriental-rug-cleaning-and-artisan-restoration-shop/2442973/
23,2361272,"Booming Pool/Spa Business, B2B and B2C, residual income, growing",texas,cleaning,,,,,"Fort Worth, TX",no-asking-price|no-sde|no-revenue,https://www.bizbuysell.com/business-opportunity/booming-pool-spa-business-b2b-and-b2c-residual-income-growing/2361272/
20,2494683,Profitable Turnkey Lawn Spraying Business.,oklahoma,service,,150000,,,"Moore, OK",no-asking-price|no-revenue,https://www.bizbuysell.com/business-opportunity/profitable-turnkey-lawn-spraying-business/2494683/
20,2489602,"Profitable, Turnkey Home Services Franchise – Industry Leader",oklahoma,service,,237612,,,"Tulsa, OK",no-asking-price|no-revenue,https://www.bizbuysell.com/business-opportunity/profitable-turnkey-home-services-franchise-industry-leader/2489602/
20,2302724,"Absentee Owner, Multi City Mobile Detailing Company",oklahoma,service,,89147,,,"Oklahoma County, OK",no-asking-price|no-revenue,https://www.bizbuysell.com/business-opportunity/absentee-owner-multi-city-mobile-detailing-company/2302724/
20,2411968,Absentee Owned Project Management Firm in OKC,oklahoma,building-and-construction,,2380918,,,"Oklahoma City, OK",no-asking-price|no-revenue,https://www.bizbuysell.com/business-opportunity/absentee-owned-project-management-firm-in-okc/2411968/
20,2394146,Profitable Roofing Business for Sale – Turnkey Operation!,oklahoma,building-and-construction,,146556,,,"Tulsa County, OK",no-asking-price|no-revenue,https://www.bizbuysell.com/business-opportunity/profitable-roofing-business-for-sale-turnkey-operation/2394146/
20,2479973,Income Producing. Flexible Operating Models. National Brand. Turnkey.,texas,service,,,,,"Frisco, TX",no-asking-price|no-sde|no-revenue,https://www.bizbuysell.com/business-opportunity/income-producing-flexible-operating-models-national-brand-turnkey/2479973/
20,2444492,Profitable $2.5M Turnkey Epoxy Flooring Company — 12 Years Established,texas,building-and-construction,,441000,,,"Tomball, TX",no-asking-price|no-revenue,https://www.bizbuysell.com/business-opportunity/profitable-2-5m-turnkey-epoxy-flooring-company-12-years-established/2444492/
20,2431770,Radiant Barrier Manufacturing | Turnkey Energy Insulation,texas,building-and-construction,,265000,,,"Arlington, TX",no-asking-price|no-revenue,https://www.bizbuysell.com/business-opportunity/radiant-barrier-manufacturing-turnkey-energy-insulation/2431770/
15,2485700,Stable HVAC Company with Consistent Cash Flow,oklahoma,plumbing,,1420000,,,"Oklahoma City, OK",no-asking-price|no-revenue,https://www.bizbuysell.com/business-opportunity/stable-hvac-company-with-consistent-cash-flow/2485700/
15,2483428,Commercial Plumbing Co w/ Strong Profit Margins,oklahoma,plumbing,,547373,,,"Tulsa County, OK",no-asking-price|no-revenue,https://www.bizbuysell.com/business-opportunity/commercial-plumbing-co-w-strong-profit-margins/2483428/
15,2483667,North TX Plumbing Co – New Home Focus | Strong Builder Ties | w/RE,texas,plumbing,,685000,,,"Tarrant County, TX",no-asking-price|no-revenue,https://www.bizbuysell.com/business-opportunity/north-tx-plumbing-co-new-home-focus-strong-builder-ties-w-re/2483667/
10,2367468,Home Improvement Siding Business in Oklahoma City,oklahoma,service,,254500,,,"Oklahoma City, OK",no-asking-price|no-revenue,https://www.bizbuysell.com/business-opportunity/home-improvement-siding-business-in-oklahoma-city/2367468/
10,1953128,High Profit Window Cleaning Business for sale in OKC!,oklahoma,service,,,,,"Oklahoma City, OK",no-asking-price|no-sde|no-revenue,https://www.bizbuysell.com/business-opportunity/high-profit-window-cleaning-business-for-sale-in-okc/1953128/
10,2128290,Property Management Business Opportunity,oklahoma,service,,,,,,no-asking-price|no-sde|no-revenue,https://www.bizbuysell.com/start-up-business/property-management-business-opportunity/2128290/
10,2457839,Existing Painting Business,oklahoma,service,,220000,,,"Tulsa, OK",no-asking-price|no-revenue,https://www.bizbuysell.com/business-opportunity/existing-painting-business/2457839/
10,2404380,Welding Supply House,oklahoma,service,,588621,,,,no-asking-price|no-revenue,https://www.bizbuysell.com/business-opportunity/welding-supply-house/2404380/
10,2403459,"The UPS Store in NW OKC | $111,750 SDE | Seller Financing",oklahoma,service,,111750,,,"Warr Acres, OK",no-asking-price|no-revenue,https://www.bizbuysell.com/business-opportunity/the-ups-store-in-nw-okc-111-750-sde-seller-financing/2403459/
10,2398887,Submersible Solutions In Oil & Gas,oklahoma,service,,2722842,,,,no-asking-price|no-revenue,https://www.bizbuysell.com/business-opportunity/submersible-solutions-in-oil-and-gas/2398887/
10,2391931,Multi-Store Office Products Company,oklahoma,service,,479562,,,,no-asking-price|no-revenue,https://www.bizbuysell.com/business-opportunity/multi-store-office-products-company/2391931/
10,2388951,Nationwide Commercial Seating & Décor Install Co.,oklahoma,service,,674389,,,,no-asking-price|no-revenue,https://www.bizbuysell.com/business-opportunity/nationwide-commercial-seating-and-decor-install-co/2388951/
10,2377925,Fence Builder-Top of the Line,oklahoma,service,,218650,,,,no-asking-price|no-revenue,https://www.bizbuysell.com/business-opportunity/fence-builder-top-of-the-line/2377925/
10,2338421,"HDPE Pipe, Fittings, Fusion, Eq. Sales/Rentals",oklahoma,service,,506881,,,,no-asking-price|no-revenue,https://www.bizbuysell.com/business-opportunity/hdpe-pipe-fittings-fusion-eq-sales-rentals/2338421/
10,2488469,Health and Compliance Cleaning Company,oklahoma,service,,407168,,,"Tulsa, OK",no-asking-price|no-revenue,https://www.bizbuysell.com/business-opportunity/health-and-compliance-cleaning-company/2488469/
10,2483823,Specialized Oil & Gas Service Provider,oklahoma,service,,1566990,,,,no-asking-price|no-revenue,https://www.bizbuysell.com/business-opportunity/specialized-oil-and-gas-service-provider/2483823/
10,2486072,"B2B Print, Promo & Marketing Business",oklahoma,service,,,,,"Oklahoma County, OK",no-asking-price|no-sde|no-revenue,https://www.bizbuysell.com/business-opportunity/b2b-print-promo-and-marketing-business/2486072/
10,2430731,Own A Successful Yard Card Business! A Fun Way To Make Extra Money!,oklahoma,service,,,,,"Oklahoma City, OK",no-asking-price|no-sde|no-revenue,https://www.bizbuysell.com/business-opportunity/own-a-successful-yard-card-business-a-fun-way-to-make-extra-money/2430731/
10,2482242,Property Recovery & Cleaning Services Opportunity,oklahoma,service,,174331,,,"Oklahoma City, OK",no-asking-price|no-revenue,https://www.bizbuysell.com/business-opportunity/property-recovery-and-cleaning-services-opportunity/2482242/
10,2297746,Fully Integrated Industrial Engine Remanufacturing / Rebuild Facility,oklahoma,service,,,,,"Oklahoma County, OK",no-asking-price|no-sde|no-revenue,https://www.bizbuysell.com/business-opportunity/fully-integrated-industrial-engine-remanufacturing-rebuild-facility/2297746/
10,2479897,Operating Unattended Coin Laundromat Oklahoma City,oklahoma,service,,,,,"Del City, OK",no-asking-price|no-sde|no-revenue,https://www.bizbuysell.com/business-opportunity/operating-unattended-coin-laundromat-oklahoma-city/2479897/
10,2472611,Professional Rental Oversight Operation,oklahoma,service,,109166,,,"Oklahoma City, OK",no-asking-price|no-revenue,https://www.bizbuysell.com/business-opportunity/professional-rental-oversight-operation/2472611/
10,2457991,Dependable Seasonal Business with Strong Retention,oklahoma,service,,209718,,,"Oklahoma City, OK",no-asking-price|no-revenue,https://www.bizbuysell.com/business-opportunity/dependable-seasonal-business-with-strong-retention/2457991/
10,2352143,High Volume Catering Business,oklahoma,service,,240000,,,"Oklahoma City, OK",no-asking-price|no-revenue,https://www.bizbuysell.com/business-opportunity/high-volume-catering-business/2352143/
10,2436593,"Crucial Restoration: Passive, Windows/Siding/Gutters/Roofing!",oklahoma,service,,,,,"Oklahoma City, OK",no-asking-price|no-sde|no-revenue,https://www.bizbuysell.com/business-opportunity/crucial-restoration-passive-windows-siding-gutters-roofing/2436593/
10,2406383,Aircraft Engine Overhaul & Repair Company,oklahoma,service,,,,,,no-asking-price|no-sde|no-revenue,https://www.bizbuysell.com/business-opportunity/aircraft-engine-overhaul-and-repair-company/2406383/
10,2191547,"Growing, full service Moving Company!",oklahoma,service,,170000,,,"Tulsa, OK",no-asking-price|no-revenue,https://www.bizbuysell.com/business-opportunity/growing-full-service-moving-company/2191547/
10,2428095,"Well established electrical company, in business since 2003",oklahoma,building-and-construction,,,,,"Vinita, OK",no-asking-price|no-sde|no-revenue,https://www.bizbuysell.com/business-opportunity/well-established-electrical-company-in-business-since-2003/2428095/
10,2457007,"Cash-Flowing Painting Business w Strong Local Reputation – Tulsa, OK",oklahoma,building-and-construction,,221000,,," Tulsa, OK",no-asking-price|no-revenue,https://www.bizbuysell.com/business-opportunity/cash-flowing-painting-business-w-strong-local-reputation-tulsa-ok/2457007/
10,2384397,Construction Company - Residential and Commercial,oklahoma,building-and-construction,,786877,,,"Osage County, OK",no-asking-price|no-revenue,https://www.bizbuysell.com/business-opportunity/construction-company-residential-and-commercial/2384397/
10,2386637,Custom Cabinet Shop,oklahoma,building-and-construction,,200000,,,"Garfield County, OK",no-asking-price|no-revenue,https://www.bizbuysell.com/business-opportunity/custom-cabinet-shop/2386637/
10,2462459,35 Year Old Commercial Construction Company,oklahoma,building-and-construction,,343333,,,"Tulsa County, OK",no-asking-price|no-revenue,https://www.bizbuysell.com/business-opportunity/35-year-old-commercial-construction-company/2462459/
10,2461616,Established Water Well Drilling Company For Sale in Poteau Oklahoma,oklahoma,building-and-construction,,317610,,,"Poteau, OK",no-asking-price|no-revenue,https://www.bizbuysell.com/business-opportunity/established-water-well-drilling-company-for-sale-in-poteau-oklahoma/2461616/
10,2494721,Lucrative Painting Services - Known For Top Quality,texas,service,,294000,,,"Houston, TX",no-asking-price|no-revenue,https://www.bizbuysell.com/business-opportunity/lucrative-painting-services-known-for-top-quality/2494721/
10,2426822,Promotional Products & Apparel Business,texas,service,,60000,,,"Harris County, TX",no-asking-price|no-revenue,https://www.bizbuysell.com/business-opportunity/promotional-products-and-apparel-business/2426822/
10,2416375,Fire Sale – Branded Apparel & Promotional Products Business,texas,service,,,,,"Harris County, TX",no-asking-price|no-sde|no-revenue,https://www.bizbuysell.com/business-opportunity/fire-sale-branded-apparel-and-promotional-products-business/2416375/
10,2400570,Custom Branding & Promotional Products Business,texas,service,,50000,,,"Tarrant County, TX",no-asking-price|no-revenue,https://www.bizbuysell.com/business-opportunity/custom-branding-and-promotional-products-business/2400570/
10,2489387,Home Improvement Siding Business for Sale in Texas,texas,service,,277400,,,"Corpus Christi, TX",no-asking-price|no-revenue,https://www.bizbuysell.com/business-opportunity/home-improvement-siding-business-for-sale-in-texas/2489387/
10,2489211,$4.98M Rev. Premier Drilling & MWD/LWD Solutions,texas,service,,,,,"Montgomery County, TX",no-asking-price|no-sde|no-revenue,https://www.bizbuysell.com/business-opportunity/4-98m-rev-premier-drilling-and-mwd-lwd-solutions/2489211/
10,2488928,A stunning state-of-art laundromat with a shopping center for sale,texas,service,,430000,,,"Garland, TX",no-asking-price|no-revenue,https://www.bizbuysell.com/business-opportunity/a-stunning-state-of-art-laundromat-with-a-shopping-center-for-sale/2488928/
10,2488840,Junk Removal Business,texas,service,,65000,,,"Austin, TX",no-asking-price|no-revenue,https://www.bizbuysell.com/business-opportunity/junk-removal-business/2488840/
10,2466171,Profitable Home Staging Business with Strong Brand & Growth Potential,texas,service,,100000,,,"Austin, TX",no-asking-price|no-revenue,https://www.bizbuysell.com/business-opportunity/profitable-home-staging-business-with-strong-brand-and-growth-potential/2466171/
10,2484967,Professional Services Business for sale,texas,service,,750583,,,,no-asking-price|no-revenue,https://www.bizbuysell.com/business-opportunity/professional-services-business-for-sale/2484967/
10,2334481,"San Antonio, TX Coaching Franchise - Now Available",texas,service,,,,,"San Antonio, TX",no-asking-price|no-sde|no-revenue,https://www.bizbuysell.com/business-opportunity/san-antonio-tx-coaching-franchise-now-available/2334481/
10,2404116,#1 Pool Supply Store and Services,texas,service,,181903,,,"Harris County, TX",no-asking-price|no-revenue,https://www.bizbuysell.com/business-opportunity/1-pool-supply-store-and-services/2404116/
10,2482806,Restoration and Construction - Water Damage Cleanup,texas,service,,80000,,,"Joshua, TX",no-asking-price|no-revenue,https://www.bizbuysell.com/business-opportunity/restoration-and-construction-water-damage-cleanup/2482806/
10,2460044,"Successful, owner/operator franchise territory for sale",texas,service,,,,,"Collin County, TX",no-asking-price|no-sde|no-revenue,https://www.bizbuysell.com/business-opportunity/successful-owner-operator-franchise-territory-for-sale/2460044/
10,2424270,Pool Cleaning & Repair Business for Sale.,texas,service,,,,,"Grapevine, TX",no-asking-price|no-sde|no-revenue,https://www.bizbuysell.com/business-opportunity/pool-cleaning-and-repair-business-for-sale/2424270/
10,1979040,#1 Most Profitable Window Cleaning Business in Houston!,texas,service,,75000,,,"Houston, TX",no-asking-price|no-revenue,https://www.bizbuysell.com/business-opportunity/1-most-profitable-window-cleaning-business-in-houston/1979040/
10,2467164,Healthcare Marketing Agency for Sale,texas,service,,355000,,,"Dallas, TX",no-asking-price|no-revenue,https://www.bizbuysell.com/business-opportunity/healthcare-marketing-agency-for-sale/2467164/
10,1979015,High Profit Window Cleaning Business For Sale in Fort Worth!,texas,service,,,,,"Fort Worth, TX",no-asking-price|no-sde|no-revenue,https://www.bizbuysell.com/business-opportunity/high-profit-window-cleaning-business-for-sale-in-fort-worth/1979015/
10,2465821,Home Improvement Siding Business for Sale in Dallas,texas,service,,79552,,,"Dallas, TX",no-asking-price|no-revenue,https://www.bizbuysell.com/business-opportunity/home-improvement-siding-business-for-sale-in-dallas/2465821/
10,2495686,Full-Service Business Brokerage & Commercial Real Estate,texas,service,,,,,"Collin County, TX",no-asking-price|no-sde|no-revenue,https://www.bizbuysell.com/business-opportunity/full-service-business-brokerage-and-commercial-real-estate/2495686/
10,2492722,Very Profitable & Scaleable Commercial Electrical Company for Sale,texas,service,,1507251,,,,no-asking-price|no-revenue,https://www.bizbuysell.com/business-opportunity/very-profitable-and-scaleable-commercial-electrical-company-for-sale/2492722/
10,2480839,Monster Fire Restoration & Roofing GC in DFW- Expansion Ready,texas,building-and-construction,,776581,,,"Collin County, TX",no-asking-price|no-revenue,https://www.bizbuysell.com/business-opportunity/monster-fire-restoration-and-roofing-gc-in-dfw-expansion-ready/2480839/
10,2301239,"Successful, Very Well-Established Granite Co w/ 3 Locations in Texas!",texas,building-and-construction,,,,,"Graham, TX",no-asking-price|no-sde|no-revenue,https://www.bizbuysell.com/business-opportunity/successful-very-well-established-granite-co-w-3-locations-in-texas/2301239/
10,2482660,"Trusted Flooring, Kitchen & Bath Designer Showroom - Prime Location",texas,building-and-construction,,140000,,,"Sugar Land, TX",no-asking-price|no-revenue,https://www.bizbuysell.com/business-opportunity/trusted-flooring-kitchen-and-bath-designer-showroom-prime-location/2482660/
10,2462333,Innovative Mobile Home Screening Company,texas,building-and-construction,,164353,,,"Katy, TX",no-asking-price|no-revenue,https://www.bizbuysell.com/business-opportunity/innovative-mobile-home-screening-company/2462333/
10,2419335,Specializes in Underground Utility Services,texas,building-and-construction,,850596,,,,no-asking-price|no-revenue,https://www.bizbuysell.com/business-opportunity/specializes-in-underground-utility-services/2419335/
10,2372498,Lumber and Building Supply Retailer,texas,building-and-construction,,463942,,,,no-asking-price|no-revenue,https://www.bizbuysell.com/business-opportunity/lumber-and-building-supply-retailer/2372498/
10,2462580,Premium Power Wash Operation with Modern System,texas,building-and-construction,,446382,,,"Waco, TX",no-asking-price|no-revenue,https://www.bizbuysell.com/business-opportunity/premium-power-wash-operation-with-modern-system/2462580/
10,2424106,40-Year-Old Metal Extrusions Business For Sale,texas,building-and-construction,,,,,"Smith County, TX",no-asking-price|no-sde|no-revenue,https://www.bizbuysell.com/business-opportunity/40-year-old-metal-extrusions-business-for-sale/2424106/
10,2483564,"Profitable Pool Construction & Renovation Business, North Texas",texas,building-and-construction,,500000,,,"Cedar Hill, TX",no-asking-price|no-revenue,https://www.bizbuysell.com/business-opportunity/profitable-pool-construction-and-renovation-business-north-texas/2483564/
10,2491649,53-yr old ROOFING BUSINESS for sale/GM in place/7.8M GROSS/1.5M EBITDA,texas,building-and-construction,,1540000,,,"Fort Worth, TX",no-asking-price|no-revenue,https://www.bizbuysell.com/business-opportunity/53-yr-old-roofing-business-for-sale-gm-in-place-7-8m-gross-1-5m-ebitda/2491649/
10,2491376,Essential Home Services – 5 Streams of Revenue,texas,building-and-construction,,,,,"Round Rock, TX",no-asking-price|no-sde|no-revenue,https://www.bizbuysell.com/business-opportunity/essential-home-services-5-streams-of-revenue/2491376/
10,2406997,Profitable Cabinet and Storage Opportunity with Strong Cashflow,texas,building-and-construction,,220000,,,"Dallas, TX",no-asking-price|no-revenue,https://www.bizbuysell.com/business-opportunity/profitable-cabinet-and-storage-opportunity-with-strong-cashflow/2406997/
10,2487504,Flooring Biz. Desired Territory. Rising Revenue. Positive Cash Flow.,texas,building-and-construction,,,,,"Travis County, TX",no-asking-price|no-sde|no-revenue,https://www.bizbuysell.com/business-opportunity/flooring-biz-desired-territory-rising-revenue-positive-cash-flow/2487504/
10,2487065,"Retail Home Improvement & Flooring In Sugar Land, TX",texas,building-and-construction,,108488,,," Flooring In Sugar Land, TX",no-asking-price|no-revenue,https://www.bizbuysell.com/business-opportunity/retail-home-improvement-and-flooring-in-sugar-land-tx/2487065/
10,2488641,Heavy Machinery Service and Repair Company,texas,building-and-construction,,,,,"Cypress, TX",no-asking-price|no-sde|no-revenue,https://www.bizbuysell.com/business-opportunity/heavy-machinery-service-and-repair-company/2488641/
10,2464204,Roofing Business Opportunity - Magnolia / Woodlands Area,texas,building-and-construction,,,,,"Magnolia, TX",no-asking-price|no-sde|no-revenue,https://www.bizbuysell.com/business-opportunity/roofing-business-opportunity-magnolia-woodlands-area/2464204/
10,2487563,"Oilfield Services for Sale in Ector County, Texas",texas,building-and-construction,,361375,,,"Ector County, TX",no-asking-price|no-revenue,https://www.bizbuysell.com/business-opportunity/oilfield-services-for-sale-in-ector-county-texas/2487563/
10,2487355,High-Performing Multi-Unit Top Rail Fence Franchise,texas,building-and-construction,,,,,"Irving, TX",no-asking-price|no-sde|no-revenue,https://www.bizbuysell.com/business-opportunity/high-performing-multi-unit-top-rail-fence-franchise/2487355/
10,2485329,Residential Roofing Business with Strong Demand,texas,building-and-construction,,180000,,,"Houston, TX",no-asking-price|no-revenue,https://www.bizbuysell.com/business-opportunity/residential-roofing-business-with-strong-demand/2485329/
10,2464373,Established Houston Roofing and Remodeling Professionals,texas,building-and-construction,,324891,,,"Harris County, TX",no-asking-price|no-revenue,https://www.bizbuysell.com/business-opportunity/established-houston-roofing-and-remodeling-professionals/2464373/
10,2462245,Window Replacement Company-Sales and Installation,texas,building-and-construction,,110365,,,"Rockwall, TX",no-asking-price|no-revenue,https://www.bizbuysell.com/business-opportunity/window-replacement-company-sales-and-installation/2462245/
10,2488523,High-Margin Art & Textile Disaster Recovery Experts,arkansas,service,,415173,,,"Bentonville, AR",no-asking-price|no-revenue,https://www.bizbuysell.com/business-opportunity/high-margin-art-and-textile-disaster-recovery-experts/2488523/
10,2366060,31-Year Legacy Landscaping Business,arkansas,service,,,,,"Lonoke County, AR",no-asking-price|no-sde|no-revenue,https://www.bizbuysell.com/business-opportunity/31-year-legacy-landscaping-business/2366060/
10,2488007,Trusted Home Cleaning Business with Deep Community Roots,arkansas,service,,,,,"Little Rock, AR",no-asking-price|no-sde|no-revenue,https://www.bizbuysell.com/business-opportunity/trusted-home-cleaning-business-with-deep-community-roots/2488007/
10,2471009,Long-Established Full-Service Optometry Practice Serving NWA,arkansas,service,,146026,,,"Benton County, AR",no-asking-price|no-revenue,https://www.bizbuysell.com/business-opportunity/long-established-full-service-optometry-practice-serving-nwa/2471009/
10,2462177,Established Multi-Therapist Counseling Practice with Strong Brand,arkansas,service,,120000,,,"Benton County, AR",no-asking-price|no-revenue,https://www.bizbuysell.com/business-opportunity/established-multi-therapist-counseling-practice-with-strong-brand/2462177/
10,2435077,"Low investment, Passive, with reoccurring revenue: Dog Waste Pick Up",arkansas,service,,148500,,,"Bentonville, AR",no-asking-price|no-revenue,https://www.bizbuysell.com/business-opportunity/low-investment-passive-with-reoccurring-revenue-dog-waste-pick-up/2435077/
10,2272514,Established Valet Trash Business for Sale- NET PROFIT,arkansas,service,,,,,"Little Rock, AR",no-asking-price|no-sde|no-revenue,https://www.bizbuysell.com/business-opportunity/established-valet-trash-business-for-sale-net-profit/2272514/
10,2202235,"Little Rock, AR- Simple Ops, Automotive franchise",arkansas,service,,580000,,,"Little Rock, AR",no-asking-price|no-revenue,https://www.bizbuysell.com/business-opportunity/little-rock-ar-simple-ops-automotive-franchise/2202235/
10,2367328,Regional Home Improvement & Remodeling Business,arkansas,building-and-construction,,658062,,,"Washington County, AR",no-asking-price|no-revenue,https://www.bizbuysell.com/business-opportunity/regional-home-improvement-and-remodeling-business/2367328/
10,2489152,Home Service Business,arkansas,building-and-construction,,100000,,,"White County, AR",no-asking-price|no-revenue,https://www.bizbuysell.com/business-opportunity/home-service-business/2489152/